Strains 	Morphologycal Sections
Acaryochloris marina MBIC11017	(I) Unicellular
"
Acaryochloris thomasi RCC1774"	(I) Unicellular
Aliterella atlantica CENA595	(I) Unicellular
Alkalinema sp. CACIAM 70d	(III) Filamentous
Allocoleopsis franciscana PCC 7113	(III) Filamentous
Anabaena azotica FACHB-119	(IV) Heterocystous
Anabaena cylindrica PCC 7122	(IV) Heterocystous
Anabaena sp. 90	(IV) Heterocystous
Anabaena sp. PCC 7108	(IV) Heterocystous
Anabaenopsis circularis NIES-21	(IV) Heterocystous
Anthocerotibacter panamensis C109	(I) Unicellular
Aphanizomenon flos-aquae NIES-81	(IV) Heterocystous
Synechococcus spongiarum (Aphanocapsa feldmannii 277cV)	(I) Unicellular
Arthrospira platensis NIES-39	(III) Filamentous
Baaleninema simplex PCC 7105	(III) Filamentous
Calothrix brevissima NIES-22	(IV) Heterocystous
Calothrix parasitica NIES-267	(IV) Heterocystous
Calothrix rhizosoleniae SC01	(IV) Heterocystous
Calothrix sp. 336/3	(IV) Heterocystous
Calothrix sp. PCC 6303	(IV) Heterocystous
Calothrix sp. PCC 7507	(IV) Heterocystous
Candidatus Atelocyanobacterium thalassa isolate ALOHA	(I) Unicellular
Candidatus Atelocyanobacterium thalassa isolate SIO64986	(I) Unicellular
Candidatus Synechococcus spongiarum SH4	(I) Unicellular
Chamaesiphon minutus PCC 6605	(I) Unicellular
Chamaesiphon polymorphus CCALA 037	(I) Unicellular
Chlorogloeopsis fritschii PCC 6912	(V) Ramified
Chondrocystis sp. NIES-4102	(II) Baeocystous
Chroococcidiopsis cubana SAG 39.79	(II) Baeocystous
Chroococcidiopsis sp. CCMEE 29	(II) Baeocystous
Chroococcidiopsis sp. FACHB-1243	(II) Baeocystous
Chroococcidiopsis sp. TS-821	(II) Baeocystous
Chroococcidiopsis thermalis PCC 7203	(II) Baeocystous
Chroococcus sp. FPU101	(I) Unicellular
Chroogloeocystis siderophila 5.2 s.c.1	(II) Baeocystous
Coleofasciculus chthonoplastes PCC 7420	(III) Filamentous
Crinalium epipsammum PCC 9333	(III) Filamentous
Crocosphaera chwakensis CCY0110	(I) Unicellular
Crocosphaera subtropica ATCC 51142	(I) Unicellular
Crocosphaera watsonii WH 8501	(I) Unicellular
Crocosphaera watsonii WH 8502	(I) Unicellular
Cyanobacterium aponinum PCC 10605	(I) Unicellular
cyanobacterium endosymbiont of Epithemia turgida isolate EtSB Lake Yunoko	(I) Unicellular
cyanobacterium PCC 7702	(V) Ramified
Cyanobacterium stanieri PCC 7202	(I) Unicellular
Cyanobium gracile PCC 6307	(I) Unicellular
Cyanobium sp. PCC 7001	(I) Unicellular
Cyanobium usitatum str. Tous	(I) Unicellular
Cylindrospermopsis raciborskii CS505	(IV) Heterocystous
Cylindrospermum stagnale PCC 7417	(IV) Heterocystous
Dactylococcopsis salina PCC 8305	(I) Unicellular
Desertifilum sp. IPPAS B-1220	(III) Filamentous
Dolichospermum circinale AWQC310F	(IV) Heterocystous
Dolichospermum compactum NIES-806	(IV) Heterocystous
Euhalothece natronophila Z-M001	(I) Unicellular
filamentous cyanobacterium ESFC-1	(III) Filamentous
Fischerella muscicola PCC 7414	(V) Ramified
Fischerella muscicola SAG 1427-1 = PCC 73103	(V) Ramified
Fischerella sp. CENA71	(V) Ramified
Fischerella sp. NIES-3754	(V) Ramified
Fischerella sp. NIES-4106	(V) Ramified
Fischerella sp. PCC 9431	(V) Ramified
Fischerella sp. PCC 9605	(V) Ramified
Fischerella thermalis CCMEE 5201	(V) Ramified
Fischerella thermalis CCMEE 5268	(V) Ramified
Fischerella thermalis CCMEE 5318	(V) Ramified
Fischerella thermalis JSC-11	(V) Ramified
Fortiea contorta PCC 7126	(IV) Heterocystous
Geitlerinema sp. PCC 7407	(III) Filamentous
Geitlerinema sp. PCC 9228	(III) Filamentous
Geminocystis herdmanii PCC 6308	(I) Unicellular
Gloeobacter kilaueensis JS1	(I) Unicellular
Gloeobacter morelensis MG652769	(I) Unicellular
Gloeobacter violaceus PCC 7421	(I) Unicellular
Gloeocapsa sp. PCC 73106	(II) Baeocystous
Gloeocapsa sp. PCC 7428	(II) Baeocystous
Gloeocapsopsis crepidinum LEGE 06123	(II) Baeocystous
Gloeocapsopsis dulcis AAB1 = 1H9	(II) Baeocystous
Gloeocapsopsis sp. IPPAS B-1203	(II) Baeocystous
Gloeomargarita lithophora Alchichica-D10	(I) Unicellular
Gloeomargarita sp. SKYB120	(I) Unicellular
Gloeomargarita(Gloeomargaritales cyanobacterium VI4D9)	(I) Unicellular
Gloeothece citriformis PCC 7424	(I) Unicellular
Gloeothece verrucosa PCC 7822	(I) Unicellular
Halomicronema hongdechloris C2206	(III) Filamentous
Halothece sp. PCC 7418	(I) Unicellular
Hydrococcus sp. CRU_1_1	(II) Baeocystous
Hyella patelloides LEGE 07179	(II) Baeocystous
Kamptonema formosum PCC 6407	(III) Filamentous
Leptolyngbya boryana IAM M-101	(III) Filamentous
Leptolyngbya ohadii IS1	(III) Filamentous
Leptolyngbya sp. BL0902	(III) Filamentous
Leptolyngbya sp. 'hensonii'	(III) Filamentous
Leptolyngbya sp. KIOST-1	(III) Filamentous
Leptolyngbya sp. PCC 6406	(III) Filamentous
Leptolyngbyaceae cyanobacterium JSC-12	(III) Filamentous
Limnospira indica PCC 8005	(III) Filamentous
Limnothrix rosea IAM M-220	(III) Filamentous
Lusitaniella coriacea LEGE 07157	(III) Filamentous
Lyngbya aestuarii BL J	(III) Filamentous
Mastigocladopsis repens PCC 10914	(V) Ramified
Mastigocladus laminosus UU774	(V) Ramified
Mastigocoleus testarum BC008	(V) Ramified
Microcystis aeruginosa NIES-88	(I) Unicellular
Moorena producens 3L	(III) Filamentous
Myxosarcina sp. GI1	(II) Baeocystous
Neosynechococcus sphagnicola sy1	(III) Filamentous
Nodosilinea nodulosa PCC 7104	(III) Filamentous
Nodularia spumigena CCY9414	(IV) Heterocystous
Nodularia spumigena UHCC 0039	(IV) Heterocystous
Nostoc azollae' 0708	(IV) Heterocystous
Nostoc flagelliforme CCNUN1	(IV) Heterocystous
Nostoc punctiforme PCC 73102	(IV) Heterocystous
Nostoc sp. NIES-3756	(IV) Heterocystous
Nostoc sp. PCC 7120 = FACHB-418	(IV) Heterocystous
Nostoc sp. PCC 7524	(IV) Heterocystous
Nostoc spongiaeforme FACHB-130	(IV) Heterocystous
Nostocales cyanobacterium HT-58-2	(IV) Heterocystous
Oscillatoria acuminata PCC 6304	(III) Filamentous
Oscillatoria nigro-viridis PCC 7112	(III) Filamentous
Oscillatoria sp. PCC 10802	(III) Filamentous
Parasynechococcus marenigrum WH 8102	(I) Unicellular
Phormidesmis priestleyi BC1401	(III) Filamentous
Phormidium lacuna HE10JO	(III) Filamentous
Phormidium tenue NIES-30	(III) Filamentous
Planktothricoides sp. SR001	(III) Filamentous
Planktothrix rubescens NIVA-CYA 407	(III) Filamentous
Pleurocapsa sp. PCC 7319	(II) Baeocystous
Pleurocapsa sp. PCC 7327	(II) Baeocystous
Prochlorococcus marinus AS9601	(I) Unicellular
Prochlorococcus marinus MIT 9211	(I) Unicellular
Prochlorococcus marinus MIT 9312	(I) Unicellular
Prochlorococcus marinus str. MIT 9301	(I) Unicellular
Prochlorococcus marinus str. MIT 9303	(I) Unicellular
Prochlorococcus marinus str. NATL1A	(I) Unicellular
Prochlorococcus marinus subsp. marinus str. CCMP1375	(I) Unicellular
Prochlorococcus marinus subsp. pastoris str. CCMP1986	(I) Unicellular
Prochloron didemni P3-Solomon	(I) Unicellular
Prochloron didemni P4-Papua_New_Guinea	(I) Unicellular
Prochlorothrix hollandica PCC 9006 = CALU 1027	(III) Filamentous
Pseudanabaena biceps PCC 7429	(III) Filamentous
Pseudanabaena sp. ABRG5-3	(III) Filamentous
Pseudanabaena sp. PCC 6802	(III) Filamentous
Pseudanabaena sp. PCC 7367	(III) Filamentous
Richelia intracellularis HH01	(IV) Heterocystous
Richelia intracellularis HM01	(IV) Heterocystous
Richelia intracellularis RC01	(IV) Heterocystous
Richelia sinica FACHB-800	(IV) Heterocystous
Rippkaea orientalis PCC 8801	(I) Unicellular
Rivularia sp. PCC 7116	(IV) Heterocystous
Romeria aff. gracilis LEGE 07310	(III) Filamentous
Roseofilum reptotaenium AO1-A	(III) Filamentous
Rubidibacter lacunae KORDI 51-2	(I) Unicellular
Scytonema sp. NIES-4073	(IV) Heterocystous
Sphaerospermopsis aphanizomenoides BCCUSP55	(IV) Heterocystous
Sphaerospermopsis kisseleviana NIES-73	(IV) Heterocystous
Spirulina major PCC 6313	(III) Filamentous
Spirulina subsalsa PCC 9445	(III) Filamentous
Stanieria cyanosphaera PCC 7437	(II) Baeocystous
Stanieria sp. NIES-3757	(II) Baeocystous
Stigonema ocellatum SAG 48.90 = DSM 106950	(V) Ramified
Synechococcus elongatus PCC 7942 = FACHB-805	(I) Unicellular
Synechococcus elongatus UTEX 2973	(I) Unicellular
Synechococcus sp. 1G10	(I) Unicellular
Synechococcus sp. 8F6	(I) Unicellular
Synechococcus sp. BSA11S	(I) Unicellular
Gloeomargarita(Synechococcus sp. C9)	(I) Unicellular
Synechococcus sp. CC9311	(I) Unicellular
Synechococcus sp. CC9605	(I) Unicellular
Synechococcus sp. JA-2-3B'a(2-13)	(I) Unicellular
Synechococcus sp. JA-3-3Ab	(I) Unicellular
Synechococcus sp. KORDI-100	(I) Unicellular
Synechococcus sp. PCC 6312	(I) Unicellular
Synechococcus sp. PCC 7002	(I) Unicellular
Synechococcus sp. PCC 73109	(I) Unicellular
Synechococcus sp. PCC 7336	(I) Unicellular
Synechococcus sp. RCC307	(I) Unicellular
Synechococcus sp. RS9916	(I) Unicellular
Synechococcus sp. WH 5701	(I) Unicellular
Synechococcus sp. WH 7805	(I) Unicellular
Synechococcus spongiarum 142	(I) Unicellular
Synechococcus spongiarum 15L	(I) Unicellular
Synechocystis salina LEGE 00031	(I) Unicellular
Synechocystis sp. PCC 6803	(I) Unicellular
Synechocystis sp. PCC 7509	(I) Unicellular
Thermostichus lividus PCC 6715	(I) Unicellular
Thermosynechococcus vestitus BP-1	(I) Unicellular
Tolypothrix tenuis PCC 7101	(IV) Heterocystous
Trichormus variabilis 0441	(IV) Heterocystous
Tychonema bourrellyi FEM_GT703	(III) Filamentous
Vulcanococcus limneticus LL	(I) Unicellular
Xenococcus sp. PCC 7305	(II) Baeocystous